Position;Url
1;https://entreprendre.service-public.fr/actualites/A15683
2;https://www.impots.gouv.fr/professionnel/je-decouvre-la-facturation-electronique
3;https://www.economie.gouv.fr/actualites/facturation-electronique-ouverture-de-lannuaire-dedie
4;https://www.economie.gouv.fr/cedef/fiches-pratiques/la-facturation-electronique-entre-entreprises
5;https://dext.com/fr/ressources/facture-electronique
6;https://www.experts-comptables.fr/comprendre-la-facturation-electronique
7;https://www.impots.gouv.fr/professionnel/je-passe-la-facturation-electronique
8;https://www.kolecto.fr/fonctionnalites/facturation-electronique
9;https://bpifrance-creation.fr/encyclopedie/gerer-lentreprise/gestion-financiere-comptable/facturation-electronique-obligation-e
10;https://www.village-justice.com/articles/reforme-facturation-electronique-2026-2027-qui-change-pour-les-entreprises,54174.html
11;https://www.editions-legislatives.fr/actualite/facture-electronique-vers-un-nouveau-report-de-la-reforme/
12;https://www.cegid.com/fr/blog/facture-electronique-obligatoire-2024-guide/
13;https://www.docaposte.com/solutions/facture-electronique
14;https://www.evoliz.com/blog/category/facturation-electronique/
15;https://www.implid.com/article/reforme-de-la-facturation-electronique-quest-ce-que-cest
16;https://www.cegid.com/fr/facturation-electronique/facture-electronique-obligatoire/calendrier-facture-electronique/
17;https://www.ebp.com/reforme-facturation-electronique
18;https://www.edf.fr/entreprises/faq-entreprises/facture/la-facture-electronique/la-reforme-de-la-facturation-electronique-de-2026-qu-est-ce-que-c-est
19;https://www.sage.com/fr-fr/dematerialisation/facture-electronique/
20;https://www.daf-mag.fr/Thematique/reglementation-1243/normes-2201/Breves/facturation-electronique-entreprises-an-484776.htm
21;https://www.getyooz.com/fr/facture-electronique
22;https://dext.com/fr/cabinet/produits/logiciel-facturation-electronique
23;https://www.zeendoc.com/facture-electronique/
24;https://www.weblex.fr/articles/facturation-electronique-ce-qui-change-pour-les-entreprises
25;https://facturation-electronique.rydge.fr/
26;https://www.dougs.fr/blog/facture-electronique-obligation/
27;https://www.itesoft.com/fr/blog/facture-electronique-7-points-cles/
28;https://www.francenum.gouv.fr/guides-et-conseils/pilotage-de-lentreprise/dematerialisation-des-documents/facturation-electronique
29;https://www.esker.fr/solutions-dematerialisation/facturation-electronique/facturation-electronique-b2b/
30;https://entreprendre.service-public.fr/actualites/A17853
31;https://www.basware.com/fr/conformite/facturation-electronique-obligatoire-en-france
32;https://www.credit-agricole.fr/professionnel/conseils/magazine/tout-un-mag/facture-electronique-societe-definition-avantages.html
33;https://supportmeg.freshdesk.com/support/solutions/articles/101000551599-tout-savoir-sur-la-r%C3%A9forme-de-la-facture-%C3%A9lectronique
34;https://www.indy.fr/guide/facturation/electronique/
35;https://professionnels.sg.fr/nos-conseils/gerer-son-quotidien/facturation-electronique-et-plateformes-de-dematerialisation
36;https://www.francenum.gouv.fr/guides-et-conseils/pilotage-de-lentreprise/dematerialisation-des-documents/quels-sont-les-impacts
37;https://www.la-facture-electronique.fr/
38;https://www.l-expert-comptable.com/a/6234-facture-electronique-definition-obligations.html
39;https://www.ebp.com/blog/decrypter-actualite/facture-electronique-cest-quoi
40;https://www.itesoft.com/fr/facture-electronique/
41;https://www.jlogiciels.fr/logiciel-facturation-en-ligne
42;https://www.cegos.fr/formations/comptabilite-fiscalite/la-facture-electronique-enjeux-et-mise-en-oeuvre
43;https://www.youtube.com/watch?v=pWQ1g5cBLtw
44;https://cms.law/fr/fra/news-information/facturation-electronique-en-quoi-consiste-la-reforme
45;https://entrepreneurs.lesechos.fr/gestion-entreprise/finance/la-facturation-electronique-existe-depuis-30-ans-2164729
46;https://www.ouest-france.fr/economie/entreprises/facturation-electronique-un-grand-changement-a-anticiper-pour-les-entreprises-en-2026-3bddce8a-58ac-11f0-a250-ccec68869d1d
47;https://www.legalplace.fr/guides/facturation-electronique/
48;https://stripe.com/fr/resources/more/e-invoicing-france
49;https://fnfe-mpe.org/
50;https://www.info.gouv.fr/politiques-prioritaires/atteindre-le-plein-emploi-et-reindustrialiser-la-france/la-facturation-electronique-pour-simplifier-la-vie-des-entreprises-au-service-dune-concurrence-plus-juste
51;https://qonto.com/fr/blog/gestion-entreprise/facturation/preparation-facture-electronique
52;https://www.legifrance.gouv.fr/circulaire/id/41872
53;https://www.openbee.com/faq/facture-electronique/
54;https://journal-du-palais.fr/au-sommaire/entreprises/facturation-electronique-ce-qui-change-pour-les-entreprises
55;https://start.docuware.com/fr/passer-a-la-facture-electronique-guide-complet
56;https://www.banque-france.fr/fr/a-votre-service/entreprises/mieux-apprehender-finance-entreprise/facturation-electronique
57;https://www.quadient.com/fr/apprendre/facturation-electronique
58;https://www.collectivites-locales.gouv.fr/commande-publique/facturation-electronique
59;https://www.pagero.com/fr/blog/facture-electronique
60;https://www.dimo-dematerialisation.com/dematerialisation-des-factures-fournisseurs/
61;https://www.affacturage.fr/definition/facture-electronique/
62;https://www.odoo.com/fr_FR/app/invoicing
63;https://www.groupeuniverp.com/facturation-electronique
64;https://www.esker.fr/solutions-dematerialisation/facturation-electronique/
65;https://www.compta-online.com/facturation-electronique-obligations-ao7616
66;https://help.sinao.fr/fr/articles/8434098-qu-est-ce-qu-une-facture-electronique
67;https://freedz.io/facture-electronique/
68;https://www.jepilotemonentreprise.com/facturation-comptabilite/qu-est-ce-que-la-facturation-electronique/
69;https://www.rsm.global/france/fr/insights/decryptages/facturation-electronique-tout-ce-quil-faut-savoir
70;https://www.welyb.fr/blog/facture-electronique-definition-explications
71;https://www.zeendoc.com/faq/facture-electronique/quest-ce-que-la-facture-electronique/
72;https://www.henrri.com/
73;https://www.lefigaro.fr/entrepreneur/facturation-electronique-tout-ce-qu-il-faut-savoir-pour-bien-se-preparer-20250918
74;https://www.elan-new.com/facture-electronique-obligatoire/
75;https://www.numeria.fr/facture-electronique.htm
76;https://www.netexcom.com/quest-ce-que-la-facture-electronique/
77;https://www.cpme.fr/agenda/prochains-rdv/facturation-electronique-tout-comprendre-de-la-reforme-et-de-ses-echeances
78;https://www.kolirys.fr/facturation-electronique-quest-ce-que-cest
79;https://www.portail-autoentrepreneur.fr/academie/gestion-auto-entreprise/facturation/facture-electronique-obligatoire
80;https://www.socic.fr/ressources-comptabilite/articles/la-facture-electronique-guide-complet-pour-les-entrepreneurs
81;https://www.edcparis.edu/fr/blog/quest-ce-quune-facture-electronique
82;https://www.buymadeeasy.com/blog/facturation-electronique
83;https://www.lechotouristique.com/article/facturation-electronique-comment-sy-preparer
84;https://www.altermes.fr/expertise-comptable/facturationelectronique/